"stop","token"
"nominalization","ablution"
"nominalization","abstention"
"nominalization","acclivity"
"nominalization","acerbity"
"nominalization","acquisition"
"nominalization","acuity"
"nominalization","affinity"
"nominalization","alacrity"
"nominalization","ambiguity"
"nominalization","ambition"
"nominalization","amenity"
"nominalization","amity"
"nominalization","ammunition"
"nominalization","annuity"
"nominalization","anonymity"
"nominalization","antiquity"
"nominalization","apartment"
"nominalization","apparition"
"nominalization","approbation"
"nominalization","ascription"
"nominalization","asperity"
"nominalization","assiduity"
"nominalization","assumption"
"nominalization","atrocity"
"nominalization","attrition"
"nominalization","auction"
"nominalization","audacity"
"nominalization","audition"
"nominalization","augment"
"nominalization","authority"
"nominalization","barbarity"
"nominalization","bastion"
"nominalization","benefaction"
"nominalization","brevity"
"nominalization","business"
"nominalization","calamity"
"nominalization","calcination"
"nominalization","capacity"
"nominalization","capitation"
"nominalization","caption"
"nominalization","carnation"
"nominalization","caution"
"nominalization","cavity"
"nominalization","celebrity"
"nominalization","celerity"
"nominalization","cement"
"nominalization","charity"
"nominalization","circumscription"
"nominalization","city"
"nominalization","clarity"
"nominalization","clement"
"nominalization","coalition"
"nominalization","cognition"
"nominalization","coition"
"nominalization","comity"
"nominalization","comment"
"nominalization","commodity"
"nominalization","commotion"
"nominalization","compartment"
"nominalization","complement"
"nominalization","complicity"
"nominalization","compliment"
"nominalization","compunction"
"nominalization","condiment"
"nominalization","condition"
"nominalization","congruity"
"nominalization","conscription"
"nominalization","consumption"
"nominalization","contiguity"
"nominalization","contraception"
"nominalization","contraption"
"nominalization","conurbation"
"nominalization","convention"
"nominalization","credulity"
"nominalization","debility"
"nominalization","deception"
"nominalization","declivity"
"nominalization","decrement"
"nominalization","deity"
"nominalization","delectation"
"nominalization","dement"
"nominalization","denouement"
"nominalization","department"
"nominalization","description"
"nominalization","detention"
"nominalization","detriment"
"nominalization","devolution"
"nominalization","dexterity"
"nominalization","diction"
"nominalization","dignity"
"nominalization","diminution"
"nominalization","disposition"
"nominalization","disquisition"
"nominalization","dissertation"
"nominalization","dissolution"
"nominalization","document"
"nominalization","duplicity"
"nominalization","duration"
"nominalization","efficacity"
"nominalization","element"
"nominalization","elocution"
"nominalization","emolument"
"nominalization","enmity"
"nominalization","enormity"
"nominalization","entity"
"nominalization","equanimity"
"nominalization","equitation"
"nominalization","equity"
"nominalization","eternity"
"nominalization","evolution"
"nominalization","excrement"
"nominalization","expedition"
"nominalization","experiment"
"nominalization","exposition"
"nominalization","eyewitness"
"nominalization","facility"
"nominalization","faction"
"nominalization","felicity"
"nominalization","ferment"
"nominalization","ferocity"
"nominalization","fiction"
"nominalization","fidelity"
"nominalization","figment"
"nominalization","filament"
"nominalization","firmament"
"nominalization","foment"
"nominalization","fraction"
"nominalization","fragment"
"nominalization","fraternity"
"nominalization","friction"
"nominalization","frivolity"
"nominalization","fruition"
"nominalization","function"
"nominalization","fundament"
"nominalization","garment"
"nominalization","garrulity"
"nominalization","gratuity"
"nominalization","gravity"
"nominalization","guinness"
"nominalization","gumption"
"nominalization","gustation"
"nominalization","habitation"
"nominalization","harness"
"nominalization","heredity"
"nominalization","heterogeneity"
"nominalization","hilarity"
"nominalization","homogeneity"
"nominalization","humility"
"nominalization","identity"
"nominalization","impediment"
"nominalization","implement"
"nominalization","impunity"
"nominalization","inanition"
"nominalization","incantation"
"nominalization","inception"
"nominalization","increment"
"nominalization","indemnity"
"nominalization","indignation"
"nominalization","infinity"
"nominalization","ingenuity"
"nominalization","iniquity"
"nominalization","injunction"
"nominalization","inquisition"
"nominalization","inscription"
"nominalization","instrument"
"nominalization","insurrection"
"nominalization","integrity"
"nominalization","integument"
"nominalization","introduction"
"nominalization","involution"
"nominalization","jollity"
"nominalization","junction"
"nominalization","jurisdiction"
"nominalization","laity"
"nominalization","lament"
"nominalization","levity"
"nominalization","ligament"
"nominalization","liniment"
"nominalization","liquefaction"
"nominalization","locution"
"nominalization","longevity"
"nominalization","loquacity"
"nominalization","lotion"
"nominalization","magnanimity"
"nominalization","marchioness"
"nominalization","maternity"
"nominalization","medicament"
"nominalization","mediocrity"
"nominalization","mendacity"
"nominalization","mention"
"nominalization","ministration"
"nominalization","moment"
"nominalization","monument"
"nominalization","motion"
"nominalization","multiplicity"
"nominalization","munition"
"nominalization","nation"
"nominalization","nativity"
"nominalization","necessity"
"nominalization","ness"
"nominalization","notion"
"nominalization","nutriment"
"nominalization","nutrition"
"nominalization","occupation"
"nominalization","ointment"
"nominalization","opacity"
"nominalization","option"
"nominalization","ornament"
"nominalization","ostentation"
"nominalization","ovation"
"nominalization","parchment"
"nominalization","parity"
"nominalization","parliament"
"nominalization","paternity"
"nominalization","paucity"
"nominalization","pediment"
"nominalization","perdition"
"nominalization","peroration"
"nominalization","perpetuity"
"nominalization","perspicacity"
"nominalization","perspicuity"
"nominalization","pertinacity"
"nominalization","petition"
"nominalization","pigment"
"nominalization","pity"
"nominalization","polity"
"nominalization","portion"
"nominalization","position"
"nominalization","posterity"
"nominalization","potion"
"nominalization","precaution"
"nominalization","precocity"
"nominalization","predicament"
"nominalization","predilection"
"nominalization","premonition"
"nominalization","preposition"
"nominalization","prescription"
"nominalization","presentiment"
"nominalization","presumption"
"nominalization","priority"
"nominalization","privation"
"nominalization","probity"
"nominalization","proclivity"
"nominalization","promiscuity"
"nominalization","propensity"
"nominalization","propinquity"
"nominalization","proportion"
"nominalization","proscription"
"nominalization","proximity"
"nominalization","pugnacity"
"nominalization","purgation"
"nominalization","pusillanimity"
"nominalization","putrefaction"
"nominalization","quality"
"nominalization","quantity"
"nominalization","question"
"nominalization","raiment"
"nominalization","rapacity"
"nominalization","rapprochement"
"nominalization","ration"
"nominalization","reception"
"nominalization","reciprocity"
"nominalization","recreation"
"nominalization","redemption"
"nominalization","reduction"
"nominalization","refection"
"nominalization","regiment"
"nominalization","registration"
"nominalization","rendition"
"nominalization","repetition"
"nominalization","resumption"
"nominalization","retention"
"nominalization","retribution"
"nominalization","revolution"
"nominalization","rudiment"
"nominalization","sacrament"
"nominalization","sagacity"
"nominalization","sanction"
"nominalization","sanctity"
"nominalization","sanitation"
"nominalization","satisfaction"
"nominalization","section"
"nominalization","sediment"
"nominalization","sedition"
"nominalization","seduction"
"nominalization","segment"
"nominalization","sentiment"
"nominalization","serendipity"
"nominalization","simultaneity"
"nominalization","sonority"
"nominalization","sorority"
"nominalization","sorption"
"nominalization","spontaneity"
"nominalization","station"
"nominalization","stupefaction"
"nominalization","subscription"
"nominalization","subvention"
"nominalization","suction"
"nominalization","superfluity"
"nominalization","superscription"
"nominalization","superstition"
"nominalization","supplement"
"nominalization","temerity"
"nominalization","temperament"
"nominalization","tenacity"
"nominalization","tenement"
"nominalization","testament"
"nominalization","torment"
"nominalization","tournament"
"nominalization","traction"
"nominalization","tradition"
"nominalization","transcription"
"nominalization","trinity"
"nominalization","tuition"
"nominalization","ubiquity"
"nominalization","ultravehement"
"nominalization","unanimity"
"nominalization","unction"
"nominalization","university"
"nominalization","utility"
"nominalization","vacuity"
"nominalization","valediction"
"nominalization","varsity"
"nominalization","vehement"
"nominalization","velocity"
"nominalization","veracity"
"nominalization","verity"
"nominalization","vestment"
"nominalization","vicinity"
"nominalization","vivacity"
"nominalization","vocation"
"nominalization","volition"
"nominalization","voracity"
"nominalization","wilderness"
"nominalization","witness"
"gerund","watling"
"gerund","ting"
"gerund","tings"
"gerund","stirling"
"gerund","snelling"
"gerund","siblings"
"gerund","sing's"
"gerund","scantling"
"gerund","scantlings"
"gerund","schelling"
"gerund","schilling"
"gerund","quisling"
"gerund","quislings"
"gerund","pickering"
"gerund","pinged"
"gerund","pings"
"gerund","pershing"
"gerund","pauling"
"gerund","lemmings"
"gerund","lessing"
"gerund","king's"
"gerund","herrings"
"gerund","harding"
"gerund","hawking"
"gerund","goslings"
"gerund","goulding"
"gerund","fleming"
"gerund","flings"
"gerund","farthings"
"gerund","dunning"
"gerund","darkling"
"gerund","darlings"
"gerund","codling"
"gerund","codlings"
"gerund","ching"
"gerund","zing"
"gerund","wring"
"gerund","wrings"
"gerund","wyoming"
"gerund","wing"
"gerund","winged"
"gerund","wings"
"gerund","viking"
"gerund","vikings"
"gerund","thing"
"gerund","things"
"gerund","swing"
"gerund","swings"
"gerund","sting"
"gerund","stings"
"gerund","string"
"gerund","stringed"
"gerund","strings"
"gerund","starling"
"gerund","starlings"
"gerund","sterling"
"gerund","spring"
"gerund","springs"
"gerund","spalding"
"gerund","sling"
"gerund","slings"
"gerund","smatterings"
"gerund","sibling"
"gerund","sing"
"gerund","sings"
"gerund","shilling"
"gerund","shillings"
"gerund","ring"
"gerund","ringed"
"gerund","rings"
"gerund","redding"
"gerund","pudding"
"gerund","ping"
"gerund","peking"
"gerund","morning"
"gerund","morning's"
"gerund","lemming"
"gerund","lightning"
"gerund","king"
"gerund","kings"
"gerund","kipling"
"gerund","irving"
"gerund","inkling"
"gerund","herring"
"gerund","gosling"
"gerund","fling"
"gerund","farthing"
"gerund","evening"
"gerund","evenings"
"gerund","evening's"
"gerund","downing"
"gerund","darling"
"gerund","darling's"
"gerund","cling"
"gerund","clings"
"gerund","ceiling"
"gerund","ceilings"
"gerund","bring"
"gerund","brings"
"gerund","browning"
"gerund","bunting"
"gerund","boeing"
"gerund","bing"
"gerund","awning"
"gerund","awnings"
"gerund","yearlings"
"gerund","weaklings"
"gerund","underlings"
"gerund","stripling"
"gerund","striplings"
"gerund","starveling"
"gerund","starvelings"
"gerund","saplings"
"gerund","nurslings"
"gerund","hireling"
"gerund","foundlings"
"gerund","dumplings"
"gerund","earthlings"
"gerund","ducklings"
"gerund","changelings"
"gerund","yearling"
"gerund","weakling"
"gerund","underling"
"gerund","seedling"
"gerund","seedlings"
"gerund","sapling"
"gerund","nursling"
"gerund","hirelings"
"gerund","foundling"
"gerund","fledgling"
"gerund","fledglings"
"gerund","duckling"
"gerund","dumpling"
"gerund","earthling"
"gerund","changeling"
"gerund","wrongdoings"
"gerund","wellsprings"
"gerund","thanksgivings"
"gerund","smallholdings"
"gerund","playthings"
"gerund","mainsprings"
"gerund","lapwing"
"gerund","lapwings"
"gerund","housewarmings"
"gerund","hairsprings"
"gerund","determing"
"gerund","decoking"
"gerund","bullrings"
"gerund","bivouacking"
"gerund","bluestocking"
"gerund","bluestockings"
"gerund","wellbeing"
"gerund","wellspring"
"gerund","thanksgiving"
"gerund","something"
"gerund","shoestring"
"gerund","shoestrings"
"gerund","shortcoming"
"gerund","shortcomings"
"gerund","plaything"
"gerund","nothing"
"gerund","nothings"
"gerund","nothing's"
"gerund","mainspring"
"gerund","homecomings"
"gerund","everything"
"gerund","everything's"
"gerund","earring"
"gerund","earrings"
"gerund","bullring"
"gerund","bowstring"
"gerund","anything"
"gerund","notwithstanding"
"gerund","upswings"
"gerund","subheadings"
"gerund","outbuildings"
"gerund","outgoings"
"gerund","outpourings"
"gerund","ingatherings"
"gerund","inpouring"
"gerund","inpourings"
"gerund","upswing"
"gerund","subheading"
"gerund","outbuilding"
"gerund","outpouring"
"gerund","offspring"
"gerund","interlining"
